{"cameraMode":{"drawMode":0,"name":"Shaded","section":"Shading Mode"},"sceneLighting":false,"audioPlay":false,"sceneViewState":{"showFog":true,"showMaterialUpdate":false,"showSkybox":false,"showFlares":true,"showImageEffects":true,"showParticleSystems":true},"in2DMode":false,"pivot":{"x":-0.0019104480743408204,"y":0.09438461065292359,"z":0.0271623432636261},"rotation":{"x":-0.1349278688430786,"y":0.7820391654968262,"z":-0.18171529471874238,"w":-0.5806824564933777},"size":0.316081702709198,"orthographic":false}