{"cameraMode":{"drawMode":0,"name":"Shaded","section":"Shading Mode"},"sceneLighting":false,"audioPlay":false,"sceneViewState":{"showFog":true,"showMaterialUpdate":false,"showSkybox":false,"showFlares":true,"showImageEffects":true,"showParticleSystems":true},"in2DMode":false,"pivot":{"x":-0.020173339173197748,"y":0.12716643512248994,"z":-0.020052000880241395},"rotation":{"x":-0.1349278688430786,"y":0.7820391654968262,"z":-0.18171529471874238,"w":-0.5806824564933777},"size":0.131506085395813,"orthographic":false}