{"cameraMode":{"drawMode":0,"name":"Shaded","section":"Shading Mode"},"sceneLighting":false,"audioPlay":false,"sceneViewState":{"showFog":true,"showMaterialUpdate":false,"showSkybox":false,"showFlares":true,"showImageEffects":true,"showParticleSystems":true},"in2DMode":false,"pivot":{"x":0.0037716180086135866,"y":0.481867253780365,"z":0.012577623128890992},"rotation":{"x":-0.1349278688430786,"y":0.7820391654968262,"z":-0.18171529471874238,"w":-0.5806824564933777},"size":0.8148750066757202,"orthographic":false}