{"cameraMode":{"drawMode":0,"name":"Shaded","section":"Shading Mode"},"sceneLighting":false,"audioPlay":false,"sceneViewState":{"showFog":true,"showMaterialUpdate":false,"showSkybox":false,"showFlares":true,"showImageEffects":true,"showParticleSystems":true},"in2DMode":false,"pivot":{"x":-0.013263225555419922,"y":2.796590805053711,"z":-0.000001430511474609375},"rotation":{"x":-0.1349278688430786,"y":0.7820391654968262,"z":-0.18171529471874238,"w":-0.5806824564933777},"size":7.587953567504883,"orthographic":false}