{"cameraMode":{"drawMode":0,"name":"Shaded","section":"Shading Mode"},"sceneLighting":false,"audioPlay":false,"sceneViewState":{"showFog":true,"showMaterialUpdate":false,"showSkybox":false,"showFlares":true,"showImageEffects":true,"showParticleSystems":true},"in2DMode":false,"pivot":{"x":-2.384185791015625e-7,"y":1.3382495641708375,"z":0.03402698040008545},"rotation":{"x":-0.1349278688430786,"y":0.7820391654968262,"z":-0.18171529471874238,"w":-0.5806824564933777},"size":2.7098886966705324,"orthographic":false}