{"cameraMode":{"drawMode":0,"name":"Shaded","section":"Shading Mode"},"sceneLighting":true,"audioPlay":false,"sceneViewState":{"showFog":true,"showMaterialUpdate":false,"showSkybox":true,"showFlares":true,"showImageEffects":true,"showParticleSystems":true},"in2DMode":false,"pivot":{"x":2.682039737701416,"y":3.7551217079162599,"z":-6.0791015625},"rotation":{"x":-0.1966247260570526,"y":-0.06084814667701721,"z":0.012226822786033154,"w":-0.9785207509994507},"size":3.6999969482421877,"orthographic":false}