{"cameraMode":{"drawMode":0,"name":"Shaded","section":"Shading Mode"},"sceneLighting":true,"audioPlay":false,"sceneViewState":{"showFog":true,"showMaterialUpdate":false,"showSkybox":true,"showFlares":true,"showImageEffects":true,"showParticleSystems":true},"in2DMode":false,"pivot":{"x":-1.1086548566818238,"y":-1.179429531097412,"z":-13.656250953674317},"rotation":{"x":-0.18074844777584077,"y":0.025664525106549264,"z":-0.004718025214970112,"w":-0.9831863641738892},"size":7.9435906410217289,"orthographic":false}